Company,Company Score,Job Title,Location,Salary
PepsiCo,3.9,2025 Summer Intern: R&D,"Plano, TX",$21.50 - $55.40 Per Hour (Employer est.)
ghSMART,4.8,Data Engineer Intern,Remote,$20.00 - $30.00 Per Hour (Employer est.)
PepsiCo,3.9,2025 Summer Intern: eCommerce Data Science,United States,$21.50 - $40.19 Per Hour (Employer est.)
U.S. Bank National Association,3.6,2025 Data Analytics Summer Intern,"Minneapolis, MN",$20.63 - $30.25 Per Hour (Employer est.)
Plymouth Rock Assurance,3.4,Fall 2024 Data Science/Predictive Modeler Intern,"Woodbridge, NJ",$77K - $130K (Glassdoor est.)
Brookfield Properties,3.8,Data Analyst Intern,"Charleston, SC",$36K - $50K (Glassdoor est.)
GE HEALTHCARE,4.2,Edison Engineering Program Intern – Software,"Waukesha, WI",$72K - $120K (Glassdoor est.)
InComm Payments,3.6,Data Analyst Intern,"Atlanta, GA",$50K - $67K (Glassdoor est.)
PepsiCo,3.9,2025 Summer Intern: Commerce Data & Technology,United States,$21.50 - $40.19 Per Hour (Employer est.)
Copart,3.5,Data & AI Intern,"Dallas, TX",$57K - $86K (Glassdoor est.)
20 Digits Inc,3.5,Data Analyst Intern,"Sewell, NJ",$60K - $93K (Glassdoor est.)
Copart,4.1,Data Engineering Intern,"Dallas, TX",$72K - $100K (Glassdoor est.)
Oshkosh Corporation,3.2,Data Engineer Intern - Advanced Analytics,"Oshkosh, WI",$18.00 - $21.00 Per Hour (Employer est.)
CALSTART,4.0,Data Research Intern,Remote,$121K - $204K (Glassdoor est.)
Nissan,3.5,"EV Strategy Data Science Intern- Fall 2024- Franklin, TN","Franklin, TN",$20.00 Per Hour (Employer est.)
American Crystal Sugar Company,3.7,Analytics & Data Intern,"Moorhead, MN",$57K - $106K (Glassdoor est.)
WSP,4.1,Data Science Intern - Fall 2024,"Kennesaw, GA",$22.00 - $28.00 Per Hour (Employer est.)
California Institute of Genetics,3.3,Research Intern,United States,$25.00 Per Hour (Employer est.)
BMW,3.8,"Intern, Commercial Credit and Data Analytics","Columbus, OH",$30.75 - $40.75 Per Hour (Employer est.)
Everytown for Gun Safety,5.0,Research Intern,United States,$49K - $68K (Glassdoor est.)
PRICE WATERHOUSE COOPERS,4.1,Digital Assurance & Transparency (DAT) Data Intern - Summer 2025,United States,$57K - $81K (Glassdoor est.)
Boston Bolts,3.7,"Academy Data Analyst - Part-time, Remote","Newton, MA",$85K - $155K (Glassdoor est.)
The University of Chicago,3.2,Temporary Data Engineer/Data Analyst Intern,"Chicago, IL",$22.86 Per Hour (Employer est.)
Belvedere Trading,3.8,Quantitative Trading Intern - Summer 2025,"Chicago, IL",$57K - $85K (Glassdoor est.)
Utah Transit Authority,3.8,Data Reporting and Analytics Intern,"Salt Lake City, UT",$21.00 - $28.00 Per Hour (Employer est.)
ARCO a Family of Construction Companies,3.3,Data Engineer Intern/Co-op,"Saint Louis, MO",$20.00 - $43.00 Per Hour (Employer est.)
Voya Financial,3.8,Summer 2025 Actuarial Intern,Remote,$24.00 - $34.00 Per Hour (Employer est.)
Hytrol Conveyor Company,4.0,"Data Engineer Intern - Jonesboro, AR","Jonesboro, AR",$52K - $97K (Glassdoor est.)
CCC Information Services Inc.,3.9,Data Science Fall Internship,"Chicago, IL",$18.00 - $24.00 Per Hour (Employer est.)
Cargill,4.1,"Software Engineering Intern Summer 2025 - Atlanta, GA","Atlanta, GA",$21.50 - $54.00 Per Hour (Employer est.)
IDEMIA,4.0,Data Analyst Internship (Fall 2024),"Exton, PA",$47K - $73K (Glassdoor est.)
First Solar,3.3,Manufacturing Engineering Data Science Intern (Fall 2024),"Perrysburg, OH",$30.00 - $40.00 Per Hour (Employer est.)
Cargill,3.9,"Trading Data & Analytics Intern Summer 2025 - Minneapolis, MN","Wayzata, MN",$33.00 Per Hour (Employer est.)
Hytrol Conveyor Company,5.0,"Data Scientist Intern - Jonesboro, AR","Jonesboro, AR",$42.50 Per Hour (Employer est.)
PepsiCo,4.1,"2025 Summer Intern: Technology Data & Analytics, Data Engineer & Data Science","Purchase, NY",$51K - $92K (Glassdoor est.)
Peak Nano,4.1,SOFTWARE ENGINEER INTERN,"Macedonia, OH",$55K - $84K (Glassdoor est.)
Bosch Group,4.0,Mechanical/Automation Engineer Intern,"Sunnyvale, CA",$1K (Employer est.)
"Milwaukee Bucks, Inc",4.1,Customer Data Intern,"Milwaukee, WI",$43K - $79K (Employer est.)
United Nations Development Programme (UNDP),3.8,SDG Impact Intern,Remote,$49K - $78K (Glassdoor est.)
The Cincinnati Insurance Companies,4.6,Student Opportunities - Data Science Intern (PhD candidate) - Fall 2024 (Hybrid),"Fairfield, OH",$18.00 Per Hour (Employer est.)
Medtronic,3.4,Software Engineering Intern – Summer 2025 (Graduate),"Minneapolis, MN",$16.00 - $18.00 Per Hour (Employer est.)
The David J. Joseph Company,4.3,IT Intern/Co-op (Spring/Summer 2025),"Cincinnati, OH",$27K - $40K (Glassdoor est.)
Physicians Mutual,3.6,Data Science Intern (12 Month Onsite Internship),"Omaha, NE",$86K - $147K (Glassdoor est.)
Greentree Capital,3.8,Diversity Outreach Intern (Remote),Remote,$21.50 - $40.19 Per Hour (Employer est.)
Premier Inc.,4.0,Data Analytics Management Consulting Intern,Remote,$36.00 - $38.00 Per Hour (Employer est.)
Kohler,3.7,Kohler Intern,"Kohler, WI",$24.05 - $63.00 Per Hour (Employer est.)
Leonardo DRS,3.3,Fall 2024- Pricing Analyst- Intern,"Melbourne, FL",$18.00 Per Hour (Employer est.)
Castleton Commodities International,3.8,Data Engineering Internship (Summer 2025),"Stamford, CT",$20.00 Per Hour (Employer est.)
SC2,4.3,Data Analytics Intern,"Peoria, IL",$19.15 - $20.45 Per Hour (Employer est.)
Master Center for Addiction Medicine,3.3,Billing Data Analytics Intern,"Glen Allen, VA",$54.00 - $56.00 Per Hour (Employer est.)
"AcreTrader, Inc",3.9,Data Entry Intern,"Fayetteville, AR",$16.00 - $20.50 Per Hour (Employer est.)
TikTok,3.6,Reporting and Documentation Analyst Intern (TikTok Global Security) - 2025 Summer (BS/MS),"Washington, DC",$36K - $69K (Employer est.)
PepsiCo,4.1,2025 Summer Intern: Supply Chain,"Purchase, NY",$15.00 Per Hour (Employer est.)
Prudential,3.4,"Prudential: 2025 Technology & Data, Software Engineering Internship Program","Newark, NJ",$27.00 - $30.00 Per Hour (Employer est.)
Amex,3.4,"Campus Undergraduate – 2025 US Consumer Services Marketing Summer Internship New York, NY","New York, NY",$21.50 - $40.19 Per Hour (Employer est.)
Stand Together,3.4,KIP Fall 2024 - Policy Intern - Libertas Institute,Remote,$24.00 - $28.00 Per Hour (Employer est.)
Zeno Group,3.9,"Intern, Analytics","Chicago, IL",$25.00 Per Hour (Employer est.)
Hasbro,4.3,"Intern - Marketing, Play-Doh (Sept - Dec 2024)","Pawtucket, RI",$36.00 - $38.00 Per Hour (Employer est.)
SmartDev LLC,4.0,Global health financing intern,Remote,$19.00 Per Hour (Employer est.)
youbloom,3.7,Business Analysis Intern,Remote,$85K - $122K (Glassdoor est.)
SECURA Insurance,3.5,Intern - Actuarial/Data Science,"Neenah, WI",$50K - $74K (Glassdoor est.)
Databricks,3.3,Software Engineering Intern (2025),"San Francisco, CA",$95K - $157K (Glassdoor est.)
"Jones Strategy and Consulting Group, LLC",2.9,Business Analyst Intern,United States,$22.00 - $25.00 Per Hour (Employer est.)
CACI,3.9,Data Engineering Intern - Fall 2024,"Charlottesville, VA",$65K - $98K (Glassdoor est.)
"PHI, Inc.",3.8,Business Development Intern,"Lafayette, LA",$48K - $71K (Glassdoor est.)
City of Philadelphia,3.8,Data Analyst Intern,"Philadelphia, PA",$22.00 - $25.00 Per Hour (Employer est.)
Hytrol Conveyor Company,3.6,"Business Analyst Engineer Intern - Jonesboro, AR","Jonesboro, AR",$20.00 Per Hour (Employer est.)
Eye Care Partners Career Opportunities,3.5,"Data Analyst Intern - Must Live in St. Louis, MO!","Ballwin, MO",$15.79 - $17.25 Per Hour (Employer est.)
PepsiCo,4.2,2025 Summer Intern: Procurement Intern - Undergrad,"Purchase, NY",$36.00 - $38.00 Per Hour (Employer est.)
Medtronic,3.9,Summer 2025 Management Information Systems Intern - Undergraduate,"Mounds View, MN",$17.00 - $20.00 Per Hour (Employer est.)
University Health Partners of Hawaii,3.7,"Digital Health Data Engineer Intern - Hybrid, Part-Time","Honolulu, HI",$22.00 - $33.00 Per Hour (Employer est.)
Prudential,4.0,"Prudential: 2025 Technology & Data, Data Analytics & Business Systems Internship Program","Newark, NJ",$1K (Employer est.)
Universal Service Administrative Company,3.9,Data Strategy Intern- Year Round Internship,"Washington, DC",$2K (Employer est.)
SAP,3.7,SAP Ariba iXp Intern - Business Intelligence and Data Analytics,"Indianapolis, IN",$30.00 Per Hour (Employer est.)
Philadelphia Gas Works,3.8,Data Analytics Intern,"Philadelphia, PA",$25.00 - $35.00 Per Hour (Employer est.)
ByteDance,3.1,Site Reliability Engineer Intern (Data-Technical Infrastructures-SRE-US)- 2025 Summer (MS),"Seattle, WA",$59K - $102K (Glassdoor est.)
SES,3.6,Internship - Payload Satellite Engineering: Big Data Sets,"Bristow, VA",$17.50 Per Hour (Employer est.)
Compsource Mutual Insurance Company,3.7,"Intern, Financial & Actuarial Data Analyst","Oklahoma City, OK",$71K - $114K (Glassdoor est.)
American Commercial Barge Line,4.0,Supply Chain Data Analyst Intern (Fall 2024),"Jeffersonville, IN",$52K - $68K (Glassdoor est.)
Sikka Software,3.5,Data Discovery ETL Developer Intern,"San Jose, CA",$15.00 - $20.00 Per Hour (Employer est.)
Premium Waters,3.2,Intern (Data Coordinator),"Riverside, MO",$57K - $85K (Glassdoor est.)
Prudential,4.0,"Prudential: 2025 Corporate, Internal Audit Data Analytics Internship Program","Newark, NJ",$18.00 - $21.00 Per Hour (Employer est.)
Davines Italia spa,3.9,"Marketing Intern, Davines North America",New York State,$17.00 Per Hour (Employer est.)
Northrop Grumman,3.9,2025 Summer Business Management Analyst Intern Linthicum MD,"Linthicum, MD",$15.00 Per Hour (Employer est.)
"Seminole County, FL",3.6,Student Intern Opportunity - Fire Dept Data Analytics & Visualization,United States,$3K - $6K (Employer est.)
EPMA,3.4,Data Science- Internship opportunity (UT Austin/ University of Texas-San Marcos/ Texas A& M) -Onsite- Austin Tx.,"Austin, TX",$61K - $109K (Glassdoor est.)
Peloton,3.8,2025 Land Data Management Internship Program,"Katy, TX",$43K - $79K (Glassdoor est.)
Springer Capital,4.0,Diversity and Equity Initiatives Intern (Remote),Remote,$47K - $68K (Glassdoor est.)
RTI International,4.4,Geospatial Data Analyst Internship,"Durham, NC",$69K - $75K (Employer est.)
BASF Corporation,3.8,Professional Development Program (PDP) Internship - Data Science Summer 2025,"Florham Park, NJ",$20.88 - $26.10 Per Hour (Employer est.)
AON Marketing Inc.,3.7,Sales Intern,"Tampa, FL",$30K - $43K (Glassdoor est.)
Macquarie Group Limited,5.0,2025 Technology Summer Internship Program,"Houston, TX",$24.05 - $63.00 Per Hour (Employer est.)
State Farm,3.4,2025 Summer Intern - P&C Actuarial,"Bloomington, IL",$91K - $135K (Glassdoor est.)
ConocoPhillips,3.0,2025 Actuary Analyst Intern,Remote,$91K - $162K (Glassdoor est.)
PCORI,4.2,"Intern, Information Technology 2025 (CONV)","Bartlesville, OK",$44K - $60K (Glassdoor est.)
Micron,2.0,Fall Intern - Procurement,"Washington, DC",$6K - $21K (Employer est.)
AbbVie,3.4,"Intern - Yield Enhancement, Data Analysis","Boise, ID",$14.00 - $21.00 Per Hour (Employer est.)
Kadant Black Clawson,4.1,2025 Finance Intern,"North Chicago, IL",$25.00 Per Hour (Employer est.)
PRICE WATERHOUSE COOPERS,3.9,Engineering Intern - Data Analytics,"Lebanon, OH",$19.22 Per Hour (Employer est.)
Keymanna Management,3.9,Tax Technology Intern - Summer 2025,"Los Angeles, CA",$18.00 - $20.00 Per Hour (Employer est.)
Legrand North America,2.8,Intern- Event Management,Remote,$1K (Employer est.)
Activation Capital,3.5,Supply Chain Intern,United States,$24.62 - $30.00 Per Hour (Employer est.)
Stonersville F.C. Flames,4.1,Project Management Intern,"Richmond, VA",$75.00 - $82.00 Per Hour (Employer est.)
News Corp,3.9,Sales/Marketing Intern,Remote,$1K (Employer est.)
Sapna NYC Inc.,2.9,AI Engineering Intern,"New York, NY",$30.00 - $45.00 Per Hour (Employer est.)
Dover Food Retail,5.0,"Sapna NYC Data, Research, & Communications Intern","Bronx, NY",$60.00 - $75.00 Per Hour (Employer est.)
CyberSC,4.1,"Intern, Product Management","Conyers, GA",$22.00 - $24.00 Per Hour (Employer est.)
RippleMatch Opportunities,3.8,Digital Marketing Intern - Events,Remote,$20.50 - $27.50 Per Hour (Employer est.)
Belt Power,3.7,"Business Intelligence Intern, application via RippleMatch","Denver, CO",$37.00 - $39.00 Per Hour (Employer est.)
Stand Together,4.2,Business Analytics Intern,"Marietta, GA",$20.00 - $40.00 Per Hour (Employer est.)
Hunter Engineering Company,3.6,KIP Fall 2024 - Training and Education Intern - Atlas Network,Remote,$35K - $51K (Glassdoor est.)
GLOBAL Healing Creative Arts Therapy Studio,4.1,Digital Marketing Intern,"Bridgeton, MO",$20.00 - $22.00 Per Hour (Employer est.)
Hilltop Holdings,3.9,Supply Chain Intern,"New Baltimore, MI",$30K - $49K (Glassdoor est.)
ZAGG Inc,4.6,Quantitative Analytics Intern,"Dallas, TX",$45K - $68K (Glassdoor est.)
Isuzu,4.4,Product Management Intern,"Midvale, UT",$20.00 - $32.00 Per Hour (Employer est.)
ASPCA,4.2,Commercial Vehicle Engineering Intern,"Plymouth, MI",$56K - $92K (Glassdoor est.)
Mind by Design Counseling LLC,4.3,Internship in Applied Animal Welfare Research (Spring or Summer 2025),,$102K - $145K (Glassdoor est.)
DSM,4.0,Internship and Data Coordinator,"San Francisco, CA",$19.00 - $22.00 Per Hour (Employer est.)
Moda Health,4.4,RA Data Analytics Apprentice,Connecticut,$20.96 - $33.54 Per Hour (Employer est.)
Peak Nano,3.3,Provider Analytics Intern,"Portland, OR",$45.00 Per Hour (Employer est.)
Amex,3.3,AI/ML DEVELOPMENTAL INTERN,"Macedonia, OH",$15.00 Per Hour (Employer est.)
ATPCO,2.0,"Campus Undergraduate - 2025 Finance Summer Internship New York, NY",United States,$22.54 Per Hour (Employer est.)
ByteDance,3.1,Systems Engineer Intern,"Dulles, VA",$24.05 - $63.00 Per Hour (Employer est.)
Schneider Electric,4.0,Software Engineer Intern (Data Management Suite-Globalization) - 2025 Summer/Fall (BS/MS),"San Jose, CA",$45.00 Per Hour (Employer est.)
ZS Associates,3.8,Data Analytics/Procurement Intern,"Nashville, TN",$21.00 Per Hour (Employer est.)
Taft Museum of Art,4.4,Decision Analytics Associate - Intern (North America - University Students),"Princeton, NJ",$88K - $165K (Glassdoor est.)
Arrowstreet Capital,3.2,Museum Data Collection Intern,"Cincinnati, OH",$41.00 - $43.00 Per Hour (Employer est.)
Tenaris,4.0,"Quantitative Developer Intern, Summer 2025","Boston, MA",$16.00 - $17.00 Per Hour (Employer est.)
Maricopa Association of Governments,3.1,Communications Intern,"Houston, TX",$41K - $67K (Glassdoor est.)
Arrowstreet Capital,4.1,Transportation Data Intern,"Phoenix, AZ",$45K - $83K (Glassdoor est.)
University of Utah Health,3.3,"Quantitative Researcher Intern, Summer 2025","Boston, MA",$52K - $85K (Glassdoor est.)
Aqua Rocks Colorado,3.8,Analytics Intern,"Salt Lake City, UT",$61K - $105K (Glassdoor est.)
Greentree Capital,3.8,Paid Marketing Intern,"Commerce City, CO",$40K - $63K (Glassdoor est.)
EMD Electronics,3.6,Diversity and Equity Initiatives Intern (Remote),Remote,$58K - $105K (Glassdoor est.)
Splunk,3.8,Maintenance Co-op,"Branchburg, NJ",$72K - $85K (Employer est.)
Sammons Financial Group,3.7,Applied Scientist Intern - PhD (US Remote - Fall 2024),Colorado,$30.00 - $45.00 Per Hour (Employer est.)
Springer Capital,3.6,Actuarial Intern - Part-Time 24/25 School Year,Iowa,$80K - $110K (Glassdoor est.)
TikTok,3.5,Inclusion Strategy Intern (Remote),Remote,$67K - $114K (Glassdoor est.)
TikTok,3.4,Security Data Scientist Intern (Security Execution and Performance) - 2025 Summer (BS/MS),"San Jose, CA",$16.00 - $21.00 Per Hour (Employer est.)
i3 Assembly,3.3,Machine Learning Engineer Intern (Risk Data Mining) - 2025 Summer (PhD),"San Jose, CA",$17.00 Per Hour (Employer est.)
Metrex,3.6,"Intern, Quality Engineer","Binghamton, NY",$51K - $92K (Glassdoor est.)
SiMa Technologies,4.1,Technical Research Intern,"Brea, CA",$17.00 Per Hour (Employer est.)
Elanco,3.3,Computer Vision Intern (AI2338),"San Jose, CA",$17.00 Per Hour (Employer est.)
Walter P Moore,3.7,IT Data Analyst Intern,"Greenfield, IN",$110K - $195K (Glassdoor est.)
Data Device Corporation,4.2,Project Assistant Intern,"Orlando, FL",$79K - $129K (Glassdoor est.)
RTI International,3.9,Quality Engineer Intern,"Poway, CA",$1K (Employer est.)
NJEDA,3.2,Geospatial Data Analyst Internship,"Durham, NC",$36K - $53K (Glassdoor est.)
Amex,4.3,IT / Portal CRM Developer Intern,New Jersey,$44K - $62K (Glassdoor est.)
Salina Regional Health Center,3.5,"Campus Undergraduate – 2025 US Consumer Services Data Analytics Summer Internship New York, NY",United States,$75K - $104K (Glassdoor est.)
Leaner Creamer,3.6,INFORMATION TECHNOLOGY INTERN,"Salina, KS",$53K - $86K (Glassdoor est.)
D.C. Witness,3.6,Pinterest Marketing Intern,"Los Angeles, CA",$34K - $44K (Glassdoor est.)
Baylor College of Medicine,3.7,Editorial Intern,"Washington, DC",$40K - $56K (Glassdoor est.)
Joby Aviation,3.8,Intern/Aide,United States,$53K - $98K (Glassdoor est.)
VIP Detailing NJ LLC,5.0,Flight Control Systems Intern,"Santa Cruz, CA",$14.00 Per Hour (Employer est.)
Yancey Bros. Co.,3.4,Sales Intern,"Elizabeth, NJ",$5K (Employer est.)
Applexus,4.2,Product Support Data Interns,"Austell, GA",$17.00 Per Hour (Employer est.)
Vanguard,3.3,SAP Analytics Cloud (SAC) Intern,"Seattle, WA",$18.00 - $25.00 Per Hour (Employer est.)
Deceuninck North America,3.7,College to Corporate Internship – Data Analyst Advanced Development Program,"Charlotte, NC",$15.00 Per Hour (Employer est.)
Isuzu,3.6,Engineering Intern (Spring 2025),"Monroe, OH",$92K - $141K (Glassdoor est.)
"Proliance Surgeons, Inc.",3.8,CV Testing & MBD Intern,"Plymouth, MI",$54K - $81K (Glassdoor est.)
TikTok,4.3,Operations Intern,"Issaquah, WA",$8.00 Per Hour (Employer est.)
State Council of Higher Educ,3.2,"Backend Software Engineer Intern (TikTok Data Ecosystem, Data Lake) - 2025 Summer (BS/MS)","San Jose, CA",$17.50 Per Hour (Employer est.)
South Dakota State Government,3.2,Virginia Talent + Opportunity Partnership Data Analytics Intern (#W0018),"Richmond, VA",$16.00 - $18.00 Per Hour (Employer est.)
Amex,3.6,Intern- Hatchery (Spring),"Spearfish, SD",$34K - $54K (Glassdoor est.)
Cobalt Stages,3.7,"Campus Undergraduate - 2025 Global Servicing & Business Strategy Summer Internship Sunrise, FL","Sunrise, FL",$22.00 - $25.00 Per Hour (Employer est.)
TikTok,3.7,Film Production Intern,"Woodstock, NY",$17.10 - $20.00 Per Hour (Employer est.)
IGT,2.4,Ad Data Solutions Intern (Global Business Solutions - Data Analytics) - 2025 Summer/Fall (BS/MS/MBA/PhD),United States,$71K - $111K (Glassdoor est.)
Great American Insurance Company,4.1,Market Research Analyst Intern,"Austin, TX",$19.00 Per Hour (Employer est.)
Simon-Kucher & Partners,3.9,Actuarial Intern - Summer 2025,"Cincinnati, OH",$45K - $73K (Glassdoor est.)
"Viamatrix, Inc.",3.0,[UG/MS] Summer 2025 Intern/Associate Consultant - Americas Division,"Atlanta, IN",$48K - $74K (Glassdoor est.)
Mars,3.3,Global Fuels Intern Analyst,"Charlotte, NC",$20.00 Per Hour (Employer est.)
"Berry Global, Inc",3.0,"Summer 2025 Mars Wrigley Research & Development Internship - Chicago, IL","Chicago, IL",$19.00 - $30.00 Per Hour (Employer est.)
Entergy Corporation,3.4,"PT BUSINESS ANALYTICS INTERN, YEAR ROUND","Evansville, IN",$19.13 - $30.00 Per Hour (Employer est.)
Menards,4.3,"(Spring 2025) Student, Intern - Consolidated Security Operations Center Analyst (CSOC)","The Woodlands, TX",$44K - $69K (Glassdoor est.)
New England Aquarium,3.4,Information Systems Internship,"Eau Claire, WI",$21.00 - $34.00 Per Hour (Employer est.)
Speedway Motors Inc.,3.7,Volunteer Database Management Intern (Fall 2024),"Boston, MA",$20.00 Per Hour (Employer est.)
Relay,3.4,Financial Analyst Intern,"Lincoln, NE",$20.00 - $25.00 Per Hour (Employer est.)
Stand Together,3.3,Finance Intern (Financial Planning + Analysis),"Raleigh, NC",$24.05 - $63.00 Per Hour (Employer est.)
RippleMatch Opportunities,2.9,KIP Fall 2024 - Media Intern - The Knee Regulatory Research Center,United States,$36K - $60K (Glassdoor est.)
TikTok,3.7,"KPMG - Tax Intern (Winter 2025), application via RippleMatch","Minneapolis, MN",$37K - $56K (Glassdoor est.)
IESC – the International Executive Service Corps,3.5,Information Governance Intern (Data Protection) - 2025 Summer (BS/MS),"San Jose, CA",$34K - $54K (Glassdoor est.)
ZS,4.2,Internship Program,Georgia,$20.00 - $25.00 Per Hour (Employer est.)
Riveron,3.8,Business Technology Solutions Associate - Intern,"Evanston, IL",$20.00 - $22.00 Per Hour (Employer est.)
Infinity Energy,4.2,Business Transformation - Intern,"Chicago, IL",$16.00 Per Hour (Employer est.)
Mars,3.9,Business Development Intern,"Orange, CA",$37K - $48K (Glassdoor est.)
"Bank of China Limited, New York Branch",5.0,"Summer 2025 Mars Wrigley Procurement - Supply Chain Management Internship - Hackettstown, NJ","Hackettstown, NJ",$100K - $150K (Employer est.)
FloSports,3.8,ADC/RSD Information/Cybersecurity Intern,United States,$61K - $114K (Glassdoor est.)
Mountainland Association of Governments,3.9,Fall Internship - Global Partnerships,Remote,$60K - $97K (Glassdoor est.)
ByteDance,3.6,GIS Data Intern,"Orem, UT",$44K - $59K (Glassdoor est.)
ByteDance,5.0,Machine Learning Engineer Intern (E-commerce Governance Algorithms) - 2025 Summer/Fall (BS/MS),"San Jose, CA",$20.00 - $22.00 Per Hour (Employer est.)
United Soccer League,4.0,Relational Database Intern (Data Tech Infra) - 2025 Summer (MS),"San Jose, CA",$18.00 Per Hour (Employer est.)
Springer Capital,3.9,Technology & Data Services UWEP Internship - Fall 2024,Remote,$29K - $47K (Glassdoor est.)
BCC Engineering,5.0,Diversity Outreach Intern (Remote),Remote,$45K - $73K (Glassdoor est.)
"florrent, Inc.",3.7,Roadway Design Intern,"Altamonte Springs, FL",$58K - $108K (Glassdoor est.)
Capital One,3.7,Marketing & Operations Intern/Co-op,"Somerville, MA",$22.00 Per Hour (Employer est.)
MARA,3.2,Current PhD - Data Science Internship - Summer 2025,"McLean, VA",$21.20 - $24.90 Per Hour (Employer est.)
New America,3.9,Part-time Software Development Engineer in Test Intern,"Dallas, TX",$15.00 Per Hour (Employer est.)
Leonardo DRS,3.1,2024 Fall - Program Coordination Intern (paid),,$20.00 Per Hour (Employer est.)
Engineersmind,2.0,"Fall 2024-Industrial Engineering Intern (MLB, FL)","Melbourne, FL",$20.00 Per Hour (Employer est.)
Children's Legacy Center,4.1,Students/Graduates,New Jersey,$18.59 Per Hour (Employer est.)
The Salvation Army National Headquarters,3.3,Research Assistant Intern,"Redding, CA",$46K - $69K (Glassdoor est.)
Mars,4.3,Livelihoods Intern,"Alexandria, VA",$70K - $103K (Glassdoor est.)
Cleveland Metropolitan School District,2.3,"Summer 2025 Mars Wrigley Supply Chain Internship - Hackettstown, NJ","Hackettstown, NJ",$53K - $85K (Glassdoor est.)
ExxonMobil,3.7,College Intern - Internal Audit,"Cleveland, OH",$40K - $59K (Glassdoor est.)
Cal “Cash” Jackson-Green Jr . For City Council,2.9,PhD Students Seeking Internship Opportunities,"Houston, TX",$20.00 Per Hour (Employer est.)
"Y-UNIVERSE, INC",3.9,Campaign Intern,"Virginia Beach, VA",$100K - $150K (Employer est.)
Commonwealth of PA,3.7,Marketing intern(E-Commerce),"Los Angeles, CA",$15.00 Per Hour (Employer est.)
Astrobotic Technology Inc,3.0,Office of Health Equity Policy Intern (College),"Colonial Park, Dauphin, PA",$53K - $72K (Glassdoor est.)
Allegheny County Department of Human Services,3.6,Fall Internship 2024 - Propulsion & Test,"Mojave, CA",$15.00 Per Hour (Employer est.)
Vanguard,3.5,Internships at DHS,"Pittsburgh, PA",$16.00 - $46.00 Per Hour (Employer est.)
Westinghouse Electric Co,4.2,Data Scientist Advanced Development Program Internship,"Charlotte, NC",$46K - $68K (Glassdoor est.)
Social May Media LLC,4.2,eVinci Operations Engineering Intern,"Etna, PA",$50K - $71K (Glassdoor est.)
Council on Foreign Relations,3.1,Project Manager Internship,Remote,$38.00 Per Hour (Employer est.)
Tabyt,1.6,"Internship, Foreign Affairs, Marketing Product, Fall 2024",United States,$109K - $191K (Glassdoor est.)
RippleMatch Opportunities,3.8,Intern - Research Data Assistant (2 Vacancies),"Atlanta, GA",$70K - $109K (Glassdoor est.)
The Erosion Company,3.1,"GSK - Fall Co-op/Drug Product Development, application via RippleMatch",United States,$20.50 - $26.50 Per Hour (Employer est.)
PNG WORLDWIDE,3.8,Commercial Analytics Summer 2025 Internship,"Jacksonville, FL",$18.00 - $22.00 Per Hour (Employer est.)
NFP Corp,3.8,Supply Chain Analytics Intern,"Lititz, PA",$23.13 - $47.48 Per Hour (Employer est.)
"Sony Pictures Entertainment, Inc.",3.2,Fall Co-op Intern - Analytics Analyst,"Norwell, MA",$18.00 - $20.00 Per Hour (Employer est.)
"Isuzu Technical Center of America, Inc. (ITCA)",3.9,"Social Analytics & Insights Intern, SPT Research – Fall 2024","Culver City, CA",$24.26 - $28.39 Per Hour (Employer est.)
EVERSOURCE,4.1,CV Testing & MBD Intern,"Plymouth, MI",$19.00 - $22.00 Per Hour (Employer est.)
Advanced Technology Search Group,4.1,Solar Program Intern,"Westwood, MA",$40K - $71K (Glassdoor est.)
Los Alamos National Laboratory,3.0,Marketing Internship,Remote,$16.00 - $46.00 Per Hour (Employer est.)
Eaton,3.5,Biomedical Sciences Post-Baccalaureate Intern,"Los Alamos, NM",$20.40 - $28.30 Per Hour (Employer est.)
"ClariMed, Inc.",3.8,Internship Program: Information Technology,"Coraopolis, PA",$17.50 Per Hour (Employer est.)
Strider Technologies,3.9,"Human Factors Engineering Intern -San Jose, CA","San Jose, CA",$25.00 - $38.00 Per Hour (Employer est.)
The Education Trust,3.7,Intelligence Specialist Internship - China Focus,"South Jordan, UT",$16.00 - $46.00 Per Hour (Employer est.)
WSP,4.4,Higher Ed Research Intern,"Washington, DC",$43K - $74K (Glassdoor est.)
CGT,4.0,Zero-Emission Vehicle Planning Intern - Fall 2024,"New York, NY",$20.00 - $23.00 Per Hour (Employer est.)
"ENGIE ENERGY MARKETING NA, INC.",3.7,Engineering Intern,"New Braunfels, TX",$40.00 Per Hour (Employer est.)
American Counseling Association,3.8,Intern - Power Congestion,"Houston, TX",$53K - $96K (Glassdoor est.)
PRISM,3.5,Education Intern,"Alexandria, VA",$17.50 Per Hour (Employer est.)
TruText,3.7,Intern - Risk Control,"Folsom, CA",$15.00 Per Hour (Employer est.)
Amex,3.5,Marketing Intern - SaaS Startup (Growth Focused),Pennsylvania,$71K - $120K (Glassdoor est.)
Michigan Sugar Company,3.6,"Campus Undergraduate - 2025 Internal Audit Group Staff Auditor Summer Internship Salt Lake City, UT","Salt Lake City, UT",$55.00 Per Hour (Employer est.)
Consumer Technology Association,3.1,Finance Intern,"Bay City, MI",$29K - $43K (Glassdoor est.)
Prospect Select Baseball,4.1,Web Content Intern (Up to 11 mos.),"Arlington, VA",$70K - $92K (Glassdoor est.)
Prime AE Group Inc,3.7,Fall Data Analytics Internship - National,"Jupiter, FL",$22.00 Per Hour (Employer est.)
The MITRE Corporation,4.0,Engineering Intern,"Jacksonville, FL",$18.00 Per Hour (Employer est.)
Alcatel-Lucent,3.3,Data Science / Math / Statistics / Operations Research Internships,"McLean, VA",$50K - $68K (Glassdoor est.)
Open Road Media,3.8,"Intern, Sales Analyst","Thousand Oaks, CA",$37K - $62K (Employer est.)
OED,3.7,Marketing Analytics Intern – Paid Fall 2024,United States,$21.00 - $23.00 Per Hour (Employer est.)
MyMichigan Health,3.3,Entry Level Event Assistant,"Richmond, VA",$36.06 - $50.48 Per Hour (Employer est.)
Tesla,3.8,Behavioral Health Intern,"Alma, MI",$50.00 Per Hour (Employer est.)
RippleMatch Opportunities,2.4,"Internship, Integration Engineer, Autonomy (Winter/Spring 2025)","Palo Alto, CA",$37K - $54K (Glassdoor est.)
Neil Parrott Campaign,4.0,"Alliance Technical Group - Engineering Intern, application via RippleMatch","Baton Rouge, LA",$18.00 - $35.00 Per Hour (Employer est.)
Schneider Electric,3.1,August Congressional Campaign Intern,"Hagerstown, MD",$19.23 - $22.00 Per Hour (Employer est.)
Briggs & Stratton,3.3,Quality Engineer CO-OP (Fall 2024),"Mechanicsburg, PA",$20.00 Per Hour (Employer est.)
Bristol-Myers Squibb,3.9,IT Security Intern,"Wauwatosa, WI",$20.50 Per Hour (Employer est.)
Grower Direct Nut Company,4.5,Information Technology Rotational Development Program Internship - Summer 2025,,$18.00 Per Hour (Employer est.)
OsborneKlein (Ameriprise Financial),4.1,Sales & Operations Intern,"Hughson, CA",$45.00 Per Hour (Employer est.)
The Bank of New York Mellon Corporation,3.6,Intern - Technical Analysis,"Portage, MI",$21.00 - $40.00 Per Hour (Employer est.)
Brookfield Properties,4.3,2025 BNY Summer Internship Program - Engineering (Data Science),"Pittsburgh, PA",$20.00 - $25.00 Per Hour (Employer est.)
CVS Health,4.1,Revenue Management Intern,"Charleston, SC",$28.00 - $32.00 Per Hour (Employer est.)
Simplot,4.0,Actuarial Corporate Intern - 2025,"Hartford, CT",$38.00 Per Hour (Employer est.)
EY,4.2,"Quality Assurance Intern - Caldwell, ID","Caldwell, ID",$43K - $78K (Glassdoor est.)
Harry and David,4.1,San Juan - Assurance - Audit - Winter Intern - FY25,"San Juan, PR",$52.25 Per Hour (Employer est.)
Delve,3.9,Research & Development Internship,"Medford, OR",$25.00 - $32.00 Per Hour (Employer est.)
Kaiser Permanente,4.1,Digital Marketing Intern (Creative Division),"Boulder, CO",$16.67 Per Hour (Employer est.)
Council Of State And Territorial Epidemiologists,3.8,Project Manager Bachelor's Intern,"Los Angeles, CA",$49K - $72K (Glassdoor est.)
The Cincinnati Insurance Companies,3.9,Intern-Training,"Atlanta, GA",$6K - $8K (Employer est.)
Albatrans Inc,4.1,Student Opportunities - Actuarial Internship - Summer 2025 (Hybrid),"Fairfield, OH",$22.50 - $31.50 Per Hour (Employer est.)
"City of Columbia, MO",4.3,Sales and Marketing Intern,"Edison, NJ",$1K - $2K (Employer est.)
Gwinnett County,4.2,Public Finance/Data Science Internship (Temporary - Part time),"Columbia, MO",$95K - $164K (Glassdoor est.)
DSM,3.3,Part-time Laboratory Technician Intern (Technical Services),United States,$34K - $53K (Glassdoor est.)
"Sanborn, Head & Associates, Inc.",4.3,Apprentice Supply Chain Controlling,Connecticut,$17.20 - $19.20 Per Hour (Employer est.)
Energy Impact Partners,4.2,Developer Internship,"Boston, MA",$51K - $79K (Glassdoor est.)
Deloitte,3.6,"Intern, Financial Analytics","Washington, DC",$15.03 Per Hour (Employer est.)
L3Harris Technologies,4.1,Deloitte Government & Public Services Risk & Financial Advisory Intern - Analytics - Summer 2025,"Rosslyn, VA",$27.06 Per Hour (Employer est.)
Continental,3.3,"Intern, Additive Manufacturing","Daytona Beach, FL",$25.00 Per Hour (Employer est.)
The Bank of New York Mellon Corporation,3.8,Production Planning Intern,"Halstead, KS",$58K - $108K (Glassdoor est.)
Cryoport Systems,3.7,"2025 BNY Summer Internship Program – BNY Wealth (Dallas, TX)","Dallas, TX",$20.00 Per Hour (Employer est.)
Tesla,5.0,Product Management and Marketing Intern,"Irvine, CA",$35K - $51K (Glassdoor est.)
Luo & Associates Law Group,3.2,"Internship, Fullstack Engineer, AI Tooling (Winter/Spring 2025)","Palo Alto, CA",$16.57 - $33.06 Per Hour (Employer est.)
InComm Payments,3.7,Digital Marketing Intern,Manhattan,$18.33 - $21.40 Per Hour (Employer est.)
New York State Housing Finance Agency,4.0,Product Implementation Intern,"Atlanta, GA",$14.70 - $21.50 Per Hour (Employer est.)
Volvo Group,4.2,Research and Strategic Analysis Intern,United States,$39K - $50K (Glassdoor est.)
David Pan for Congress 2024,3.1,Intern: Enterprise Architecture (Spring 2025),"Greensboro, NC",$38.00 Per Hour (Employer est.)
Zel Technologies,3.8,Political Internship,"Orange, CA",$59K - $94K (Glassdoor est.)
Baltimore Witness,3.7,Legal Skillbridge Intern,United States,$31K - $54K (Glassdoor est.)
AbbVie,3.5,Editorial Intern,"Baltimore, MD",$26.00 - $30.00 Per Hour (Employer est.)
Purecars,3.3,2025 Operations Intern,"North Chicago, IL",$21.91 - $32.21 Per Hour (Employer est.)
Medtronic,3.9,"Ad Operations Specialist, Enterprise Dealer Groups","Atlanta, GA",$34K - $47K (Glassdoor est.)
ByteDance,3.5,Quality Engineering Intern – Summer 2025 (Graduate),"Minneapolis, MN",$49K - $72K (Glassdoor est.)
TikTok,3.9,Data Scientist Intern (E-commerce Governance Algorithms) - 2025 Summer/Fall (BS/MS),"Seattle, WA",$76K - $128K (Employer est.)
Continental,3.4,Sales Intern (Global Business Solutions -US Enterprise-Tech Telcom & Travel) - 2025 Summer (BS/MS),"Los Angeles, CA",$21.00 - $28.00 Per Hour (Employer est.)
"Morris Speech Therapy Associates, LLC",3.7,"Intern - Demand & Supply Balancing Analyst Intern, Year-Round","Fort Mill, SC",$16.00 Per Hour (Employer est.)
BD,3.3,W League Operations UWEP Internship - Fall 2024,Remote,$16.50 Per Hour (Employer est.)
Ormco,4.1,2025 BD Summer Internship Program - Edge Intern (Technology & Global Services),"Franklin Lakes, NJ",$21.00 - $25.00 Per Hour (Employer est.)
Cooper University Health Care,2.7,R&D Engineering Intern,"Brea, CA",$37K - $62K (Glassdoor est.)
Metropolitan Area Planning Council,3.7,ENTERPRISE ANALYTICS INTERN,"Camden, NJ",$41K - $74K (Glassdoor est.)
pSemi,3.8,Environmental Planning Intern,"Boston, MA",$25.00 Per Hour (Employer est.)
Symbrosia Inc.,3.9,"Intern, Characterization Device Modeling - Summer 2024",United States,$22.00 - $24.00 Per Hour (Employer est.)
SLAC National Accelerator Laboratory,3.3,Animal Science Internship,Remote,$41.00 - $43.00 Per Hour (Employer est.)
Deceuninck North America,4.5,Intern - Controls and Data Systems Engineering,"Menlo Park, CA",$18.00 - $26.00 Per Hour (Employer est.)
Mars,3.9,Environmental Health & Safety Intern (Spring 2025),"Monroe, OH",$45K - $74K (Glassdoor est.)
Volvo Group,3.7,"Summer 2025 Mars Petcare Research and Development - Packaging Co-Op - Franklin, TN","Franklin, TN",$36K - $64K (Glassdoor est.)
Cargill,4.4,Co-Op: Quality - Digitization (Spring 2025),"Hagerstown, MD",$36K - $48K (Glassdoor est.)
Council on Foreign Relations,3.8,"Food Safety, Quality and Regulatory Intern - Summer 2025","Wayzata, MN",$16.00 - $22.00 Per Hour (Employer est.)
Michelin,3.3,"Internship, Digital Content, Editorial, Fall 2024","Washington, DC",$53K - $81K (Glassdoor est.)
"Advanced Energy Industries, Inc.",4.1,"2024 Fall Engineering Intern / Co-Op_Covington, GA","Covington, GA",$20.00 - $25.00 Per Hour (Employer est.)
Volvo Group,3.5,Intern/Co-Op - Chemical Engineer - Fall 2024,"Milpitas, CA",$52K - $72K (Glassdoor est.)
Atrium Health,3.7,Intern: Business Control (Fall 2024),"Greensboro, NC",$44.00 - $57.00 Per Hour (Employer est.)
Altria,3.5,Student Intern - Rise to Success,"Rome, GA",$38K - $56K (Glassdoor est.)
EN-POWER GROUP,4.0,Undergraduate Intern Sales - TMCF,United States,$1K (Employer est.)
Accial Capital,3.1,Excel/VBA Solutions Intern,"New York, NY",$58K - $99K (Glassdoor est.)
Mars,4.3,Impact Reporting Consultant (Intern),Remote,$8.00 Per Hour (Employer est.)
"Delta Air Lines, Inc.",3.1,"Summer 2025 Mars Wrigley Strategic Sales Internship Newark, NJ","Newark, NJ",$35K - $51K (Glassdoor est.)
TikTok,4.0,"Graduate Intern - Optimization (Spring, 2025)","Atlanta, GA",$45K - $66K (Glassdoor est.)
"Isuzu Technical Center of America, Inc. (ITCA)",4.3,Product Partnerships MBA Intern (Monetization Product Partnerships) - 2025 Summer (MBA),"New York, NY",$20.00 Per Hour (Employer est.)
Mars,4.1,Commercial Vehicle Engineering Intern,"Plymouth, MI",$33K - $44K (Glassdoor est.)
Council on Foreign Relations,4.2,"Summer 2025 Mars Wrigley Research & Development - Hackettstown, NJ","Hackettstown, NJ",$50K - $70K (Glassdoor est.)
TaxSlayer,2.9,"Internship, Education, Written Content, Fall 2024",United States,$44K - $65K (Employer est.)
Honeywell,4.3,"Governance, Risk and Compliance Analyst - INTERN","Augusta, GA",$50K - $72K (Glassdoor est.)
TikTok,3.9,High School Manufacturing Intern - Spring 2025 (US Persons),"Phoenix, AZ",$48K - $65K (Glassdoor est.)
Great Southern Wood Preserving,3.8,Product Manager MBA Intern (Ad Signal Product)- 2025 Summer/Fall (BS/MS/MBA/PhD),"San Jose, CA",$31.00 Per Hour (Employer est.)
MSA Safety,3.8,Analytics Intern,"Abbeville, AL",$62K - $107K (Glassdoor est.)
Juvena Therapeutics,3.7,Business Process Intern (Fall 2024),"Ada, OK",$89K - $163K (Glassdoor est.)
Delve,3.6,Research Associate (Intern),"Redwood City, CA",$17.00 - $22.00 Per Hour (Employer est.)
City of San Antonio,3.8,Digital Marketing Intern (Creative Division),"Denver, CO",$70K - $91K (Glassdoor est.)
RTI International,2.0,Council Student Intern I,"San Antonio, TX",$32K - $46K (Glassdoor est.)
Trove Brands,3.7,Geospatial Data Analyst Internship,"Durham, NC",$15.00 Per Hour (Employer est.)
NJEDA,3.9,Supply Chain Processing Analyst Intern,"Lehi, UT",$53K - $71K (Glassdoor est.)
BOEING,3.5,Product Operations Intern,New Jersey,$32K - $55K (Glassdoor est.)
Groupe Kering,3.2,"Boeing Summer 2025 Internship Program (Paid) – Environment, Health, and Safety (EHS) and Sustainability","Everett, WA",$80K - $133K (Glassdoor est.)
Tesla,3.5,KERING EYEWEAR Sales Brand Ambassador Intern,"New York, NY",$66K - $100K (Glassdoor est.)
TikTok,3.9,"Internship, Body Controls Systems Integration Engineer, Vehicle Firmware (Winter/Spring 2025)","Palo Alto, CA",$6K (Employer est.)
Kuhlman Corporation,3.6,Product Marketing Manager Intern (TikTok Shop Seller Platform)- 2025 Summer (MBA),"Seattle, WA",$17.00 Per Hour (Employer est.)
PNC Financial Services Group,3.1,Quality Control Intern,"Toledo, OH",$21.00 Per Hour (Employer est.)
CEDARS-SINAI,3.2,Quantitative Analytics Undergraduate Intern,"Pittsburgh, PA",$53K - $91K (Glassdoor est.)
Spectrum Killian Dental Lab Alliance,3.3,"Master's Level Research Intern - Neurology - Simpkins Lab (On-Site, Academic Credit)","Los Angeles, CA",$15.00 - $22.00 Per Hour (Employer est.)
Oak View Group,3.9,Engineering Intern,"West Hills, CA",$42K - $65K (Glassdoor est.)
World Wildlife Fund,3.3,Fall Intern - Crown Properties Collection,United States,$20.00 - $25.00 Per Hour (Employer est.)
Dairy Management Inc.,3.9,IN-25002 Digital Streaming Engagement Intern,"Washington, DC",$44K - $66K (Glassdoor est.)
Upper Valley Nighthawks,4.2,"PR & Digital Communications Intern, GENYOUth",Remote,$55K - $78K (Glassdoor est.)
TikTok,3.9,Synergy Data Operator (2025),"Hartford, VT",$15.00 - $17.00 Per Hour (Employer est.)
Hewlett Packard,3.8,Strategic Operations Intern (GBS- Monetization Strategy and Operations)- 2025 Summer (MBA),United States,$44.00 - $57.00 Per Hour (Employer est.)
Think Academy US,3.7,HP Inc. Workforce Services & Solutions Team Business Management Internship,"Spring, TX",$23.13 - $47.48 Per Hour (Employer est.)
New York Life Insurance Co,4.4,User Research Intern - Mandarin Required,"Cupertino, CA",$20.00 - $26.00 Per Hour (Employer est.)
GLOBAL Healing Creative Arts Therapy Studio,3.3,2025 Asset Liability Management Summer Internship,United States,$22.10 - $32.12 Per Hour (Employer est.)
Medtronic,4.0,College Internship,"Riverdale, GA",$50K - $150K (Employer est.)
Arkema,3.6,R&D Engineering Intern – Summer 2025 (Graduate),"Minneapolis, MN",$16.00 Per Hour (Employer est.)
TikTok,3.2,R&D - Intern PEKK Job,"Mobile, AL",$37K - $61K (Glassdoor est.)
Campus Opportunities,3.8,Product Manager MBA Intern (TikTok Shop Seller Experience)- 2025 Summer (MBA),"Seattle, WA",$34K (Employer est.)
Mars,4.3,Advisory MC Intern Fall 2024,United States,$37K - $54K (Glassdoor est.)
Toni Criner for Ward 7 State Board of Education,3.2,"Summer 2025 Mars Pet Nutrition Manufacturing Internship – Leipsic, Ohio",,$22.00 - $27.00 Per Hour (Employer est.)
"City of Lewisville, TX",4.6,Campaign Intern,"Washington, DC",$60K - $83K (Glassdoor est.)
WSP,3.2,Intern - Sustainability,"Lewisville, TX",$21.00 - $36.00 Per Hour (Employer est.)
Lawrence Livermore National Laboratory,3.9,Environmental Engineering Intern - Fall 2024,"Norcross, GA",$24.62 - $30.00 Per Hour (Employer est.)
Aon Corporation,3.0,Materials Engineering Division Graduate Intern - Fall 2024,"Livermore, CA",$62K - $98K (Glassdoor est.)
DR ELECTRIC,3.8,Early Careers: Actuarial Intern,"Chicago, IL",$15.00 Per Hour (Employer est.)
TikTok,4.0,Architect Intern,"Philadelphia, PA",$20.00 Per Hour (Employer est.)
Indiana University,3.4,"Program Manager Intern, Product Operations (Signal Operations SMB)- 2025 Summer (BS/MS)","Austin, TX",$1K (Employer est.)
Day & Zimmermann,4.5,Part-Time Student Bepko Intern - Research Analytics Internship,"Bloomington, IN",$17.50 Per Hour (Employer est.)
LG&E and KU Services Company,4.0,Mechanical Intern,"Huntsville, AL",$17.00 Per Hour (Employer est.)
Kansas Department of Labor,4.3,Engineer Intern,"Lexington, KY",$12.00 - $15.00 Per Hour (Employer est.)
Nestlé Purina Pet Care,4.2,Intern: Web Design and Database,"Topeka, KS",$43K - $76K (Glassdoor est.)
North American Electric Reliability Corporation,3.7,Manufacturing Excellence Intern,"Flagstaff, AZ",$44.00 - $57.00 Per Hour (Employer est.)
Mars,3.3,"Intern, Internal Audit and Advisory Services (IAAS)","Atlanta, GA",$30.00 - $40.00 Per Hour (Employer est.)
Cart.com,3.4,"Summer 2025 Mars Petcare Supply Chain Business Systems Internship - Franklin, TN","Franklin, TN",$20.00 - $25.00 Per Hour (Employer est.)
GE Aviation,4.2,Associate Brand/ Brand Manager- Amazon Marketplace,Texas,$10.00 - $12.00 Per Hour (Employer est.)
Michigan State University,2.6,GE Aerospace US Digital Technology Intern - Summer 2025,"Evendale, OH",$20.00 Per Hour (Employer est.)
"City of Huntington Beach, CA",4.6,Professional Aide,"East Lansing, MI",$20.00 Per Hour (Employer est.)
RippleMatch Opportunities,3.9,COLLEGE INTERN I-III/GRADUATE INTERN,"Huntington Beach, CA",$17.00 - $18.00 Per Hour (Employer est.)
Connect for Health Colorado,3.8,"GSK - Summer Co-op/Process Modelling and Simulation, application via RippleMatch",Upper Providence Township,$54K - $100K (Glassdoor est.)
"DiverseAllen Horizons, Inc.",4.0,Policy Intern,"Denver, CO",$9.00 - $12.00 Per Hour (Employer est.)
Lucid Software,3.2,DFA IT Process Improvement Intern AY2024-25,"Corvallis, OR",$43K - $75K (Glassdoor est.)
Medtronic,3.7,Customer Operations Intern,"Salt Lake City, UT",$15.12 - $15.99 Per Hour (Employer est.)
Genworth,4.2,Operations Engineering Intern – Summer 2025 (Graduate),"Minneapolis, MN",$19.50 - $24.00 Per Hour (Employer est.)
1Oklahoma,3.7,IT Development Program Internship,"Richmond, VA",$42K - $56K (Glassdoor est.)
Love's Travel Stops & Country Stores,4.0,Merchandise Intern,"Norman, OK",$49K - $81K (Glassdoor est.)
Prudential,3.5,Merchandising Analytics Intern (Summer 2025),"Oklahoma City, OK",$16.00 - $34.00 Per Hour (Employer est.)
Stantec,4.3,"PGIM: 2025 Operations & Innovation, Innovation & Analytics Internship Program","Newark, NJ",$18.40 - $30.00 Per Hour (Employer est.)
The Gerken Companies,4.2,Traffic Engineer Intern / Co-Op - Transportation (Fall 2024),"New York, NY",$37K - $56K (Glassdoor est.)
STASIS DRILLING SOLUTIONS,3.4,Quality Control Intern,"Toledo, OH",$20.00 Per Hour (Employer est.)
Ervin Cable,3.7,Engineering Intern,"Houston, TX",$71K - $108K (Glassdoor est.)
Discover Financial Services,4.0,Intern,"Sturgis, KY",$57K - $98K (Glassdoor est.)
EO of Energy and Env Affairs,4.5,Emerging Talent Digital Sourcing Lead,"Chicago, IL",$30.00 - $50.00 Per Hour (Employer est.)
Juno Tech Corp,4.1,Environmental Justice Intern,"Boston, MA",$38K - $55K (Glassdoor est.)
Radiant Digital,3.8,TikTok E-Commerce Account Operations Intern,"New York, NY",$18.00 Per Hour (Employer est.)
State of Arizona,4.4,Research intern with public policy education,"Vienna, VA",$17.00 Per Hour (Employer est.)
ENGIE North America Inc.,3.6,Demand Analysis Intern,"Phoenix, AZ",$51K - $72K (Glassdoor est.)
"UTZ Brands, Inc",3.2,"Intern, Customer Analytics & Strategy Engagement","Houston, TX",$48K - $68K (Glassdoor est.)
NJEDA,4.0,Supply Chain Internship: Part Time: Fall Semester,"Hanover, PA",$55K - $69K (Glassdoor est.)
Living Cities,4.2,Fall Film Intern,"Newark, NJ",$20.00 - $60.00 Per Hour (Employer est.)
"Pact, Inc.",4.4,Fall 2024 Internship Program,"York, WA",$44.00 - $57.00 Per Hour (Employer est.)
Simon-Kucher & Partners,3.9,CSM-STAND Intern,"Washington, DC",$15.63 - $19.00 Per Hour (Employer est.)
MacLean-Fogg,3.6,[UG/MS] Summer 2025 Intern/Associate Consultant - Healthcare & Life Sciences Division,"Boston, NY",$61K - $87K (Glassdoor est.)
GE Vernova Strategy & Innovation,3.8,Digital Adoption Intern,"Mundelein, IL",$61K - $106K (Glassdoor est.)
RippleMatch Opportunities,4.2,GE Vernova Advanced Research - 2025 Edison Program Internship,"Niskayuna, NY",$40K (Employer est.)
"Terracon Consultants, Inc.",4.0,"Vertex Pharmaceuticals - Vertex 2024 Fall Co-op, Technical Operations, application via RippleMatch","Boston, MA",$38K - $65K (Glassdoor est.)
Eskenazi Health,3.3,Engineering Intern,"Williamsburg, VA",$18.00 Per Hour (Employer est.)
"MCA, Inc",4.0,FOOD & CONSUMER SAFETY INTERN,"Indianapolis, IN",$18.00 Per Hour (Employer est.)
"Northrock Partners, LLC",3.8,Business Operations Analyst - Internship,"Grand Blanc, MI",$50K - $86K (Glassdoor est.)
Salas O'Brien,3.8,"Intern, Operations (Fall 2024)","Minneapolis, MN",$15.00 Per Hour (Employer est.)
TimkenSteel.,3.9,"2024-2025 Fall Internship, Co-Op College Career Opportunities",United States,$31.73 Per Hour (Employer est.)
Dolby,4.3,Supply Chain Planning Intern,"Canton, OH",$98K - $182K (Glassdoor est.)
Wells Fargo,4.0,"Research Intern, AI Quality (Fall 24)","Sunnyvale, CA",$118K - $145K (Employer est.)
FloSports,3.4,2025 Summer Internship Quantitative Analytics Program (Master's) - Early Careers,"Charlotte, NC",$38K - $52K (Glassdoor est.)
LGI Branding LLC,5.0,Fall Internship - Events Coordinator,"Austin, TX",$15.06 Per Hour (Employer est.)
GID Investment Advisers LLC,4.7,Research Intern,"Tulsa, OK",$35K - $58K (Glassdoor est.)
FC Dallas,2.8,"Summer 2025 Real Estate Internship - Dallas, TX","Dallas, TX",$55K - $89K (Glassdoor est.)
Community Counseling Centers Of Chicago,3.5,Scouting Intern 2024 Season,"Frisco, TX",$37K - $55K (Glassdoor est.)
Infrastructure Consulting & Engineering,4.3,Development Intern,"Chicago, IL",$19.25 Per Hour (Employer est.)
Boston Public Health Commission,3.2,Roadway Engineer Intern,"Norcross, GA",$83K - $117K (Glassdoor est.)
ZF,4.0,Learning and Evaluation Implementation Internship,"Boston, MA",$49K - $79K (Glassdoor est.)
Rapsodo,3.8,Maintenance Intern,"Marysville, MI",$16.00 - $46.00 Per Hour (Employer est.)
Playfly Sports,4.2,"Customer Experience Intern, Diamond Sports","Saint Louis, MO",$16.28 Per Hour (Employer est.)
Perfetti Van Melle,3.7,Gameday/ Property Intern (UCF Sports Property),Florida,$60K (Employer est.)
Walmart,3.5,Research and Development Process Intern,"Erlanger, KY",$19.00 - $22.00 Per Hour (Employer est.)
Princeton University,5.0,2025 Summer Undergraduate Intern: Walmart Merchandising,"Bentonville, AR",$54K - $86K (Glassdoor est.)
Worthington Enterprises,2.9,Next Generation Internship Coordinator - Temporary,"Princeton, NJ",$30.00 - $50.00 Per Hour (Employer est.)
Alameda County Water District,3.1,Internal Audit Intern,"Columbus, OH",$62K - $88K (Glassdoor est.)
Schneider Electric,3.8,Water Production Intern,"Fremont, CA",$37K - $81K (Employer est.)
STERIS,3.8,Logistics Engineer CO-OP (Spring 2025),"Mechanicsburg, PA",$94K - $155K (Glassdoor est.)
TikTok,4.1,"Health, Safety, and Environmental Intern","Mentor, OH",$50K - $76K (Glassdoor est.)
Meher Trailer Products PTY LTD,2.7,QA Engineer Intern (TikTok Growth) - 2025 Summer (BS/MS),"San Jose, CA",$37K - $58K (Glassdoor est.)
"Amkor Technology, Inc.",3.9,Finance ERP Intern,"Rolling Meadows, IL",$53K - $73K (Glassdoor est.)
RippleMatch Opportunities,3.7,"Intern, Product Engineer","Tempe, AZ",$17.00 Per Hour (Employer est.)
AltCap,3.9,"GSK - Fall Co-op / CIVM-Biology, application via RippleMatch","Providence, Delaware, PA",$20.00 - $25.00 Per Hour (Employer est.)
"CTL Aerospace, Inc.",3.7,Communications Team Intern,"Kansas City, MO",$17.00 - $30.00 Per Hour (Employer est.)
Black Hills Federal Credit Union,3.6,Quality Control Engineering Intern,"Cincinnati, OH",$55.00 Per Hour (Employer est.)
Bank of America,3.2,College Marketing Intern,"Rapid City, SD",$36K - $62K (Glassdoor est.)
InnoPhase IoT,4.1,Strategy & Management Summer Associate Program - 2025,"Boston, MA",$17.50 Per Hour (Employer est.)
Regis College,4.0,Product Test Engineer – Summer Internship,"San Diego, CA",$87K - $140K (Glassdoor est.)
Global Refuge,3.6,Graduate Intern for LGBTQ+ Initiatives,"Weston, MA",$21.00 Per Hour (Employer est.)
Bank of China,4.0,Children and Family Services Macro Intern,"Detroit, MI",$16.98 Per Hour (Employer est.)
KeyBank,3.2,CRM Credit Analyst I Intern,United States,$20.00 - $25.00 Per Hour (Employer est.)
RippleMatch Opportunities,3.5,2025 Summer Risk Management Internship Program - Cleveland,"Cleveland, OH",$44K - $57K (Glassdoor est.)
BlueScope Coated Products,3.5,"Apex Fintech Solutions - Procurement Analytics Intern, application via RippleMatch","Chicago, IL",$23.00 Per Hour (Employer est.)
"Alan B. Lancz and Associates, Inc.",4.1,Engineer Intern,"Marietta, GA",$59K (Employer est.)
Eutelsat,4.2,Financial Internships,"Toledo, OH",$12.00 - $14.00 Per Hour (Employer est.)
Four Roses Distillery LLC,4.1,Career Opportunities: Monitoring Engineer (internship) (5267),Idaho,$42K - $76K (Glassdoor est.)
The City of Fort Worth,4.0,Quality Engineer Intern - Cox's Creek,"Coxs Creek, KY",$38K - $64K (Glassdoor est.)
Trinity Global Institute,2.8,Intern - Budget Fellowship,"Fort Worth, TX",$17.89 Per Hour (Employer est.)
Michigan State Athletics,3.7,Paid Marketing Intern,"Orlando, FL",$103K - $184K (Glassdoor est.)
Schneider Electric,3.3,Student Engagement Post-Grad Internship – Marketing and Fan Engagement,"East Lansing, MI",$31K - $42K (Glassdoor est.)
AFM - American Flowform and Machining,4.1,Manufacturing Engineering Internship: Fall 2024,"Lexington, KY",$60K - $94K (Glassdoor est.)
Smith System Manufacturing,3.6,Internship - Supply Chain,"Billerica, MA",$25.00 - $30.00 Per Hour (Employer est.)
Dolby,3.8,Manufacturing Engineering Intern,United States,$17.20 - $19.20 Per Hour (Employer est.)
pSemi,2.9,PhD Multimodal AI Intern,"San Francisco, CA",$5K - $6K (Employer est.)
Dexter Axle,3.3,"Intern, Characterization Process Technology - Summer 2024",United States,$28.85 Per Hour (Employer est.)
BCC Engineering,3.9,Finance Internship,,$17.20 - $19.20 Per Hour (Employer est.)
Albany International Corp.,4.0,Roadway Intern,"Miami, FL",$89K - $129K (Glassdoor est.)
Lawrence Livermore National Laboratory,3.8,Product Development Intern - R&D,"Saint Stephen, SC",$32K - $50K (Glassdoor est.)
First Horizon Group,3.9,Materials Engineering Division Undergraduate Intern - Fall 2024,"Livermore, CA",$16.00 Per Hour (Employer est.)
Recovery Resources,1.0,Sales Representative,"Seattle, WA",$18.00 - $28.00 Per Hour (Employer est.)
Babcock & Wilcox,4.0,Prevention Specialist Intern,"Cleveland, OH",$28.85 Per Hour (Employer est.)
Paytique Financial,3.6,Generative AI Imaging Creation Intern,"Akron, OH",$43K - $63K (Glassdoor est.)
Digital Plus Solutions,3.7,Marketing and Business Development Intern,"Brooklyn, NY",$59K - $93K (Glassdoor est.)
Schneider Electric,4.1,Digital Marketing Intern,"Kansas City, MO",$49K - $80K (Glassdoor est.)
Worthington Steel,3.5,"Safety, Health & Environment Intern: Fall 2024","Chino, CA",$20.94 - $26.65 Per Hour (Employer est.)
GE Vernova Leadership Programs,4.0,Electrical Controls Engineer Intern - TWB Monroe,"Monroe, MI",$59K - $92K (Glassdoor est.)
EMD Electronics,4.0,GE Vernova Digital Technology Internship - Summer 2025,"Schenectady, NY",$18.00 - $20.00 Per Hour (Employer est.)
Continental,4.0,Regulatory Safety Co-op,"Branchburg, NJ",$53K - $95K (Glassdoor est.)
University of Florida,4.3,"Intern - Logistics Analyst, Year-Round","Fort Mill, SC",$21.00 - $29.50 Per Hour (Employer est.)
GE Aviation,3.6,Smathers Undergraduate Internship in Collections,"Gainesville, FL",$18.00 - $25.00 Per Hour (Employer est.)
Western & Southern Financial Group,3.5,GE Aerospace Engineering Engines Computer or Software Engineering Intern - Fall 2025,"Evendale, OH",$18.00 - $22.00 Per Hour (Employer est.)
Occams Group,3.9,College Intern - Actuary,"Cincinnati, OH",$17.20 - $19.20 Per Hour (Employer est.)
Nashville Soccer Club,3.4,"Entry Level, Paid Internship: Recruitment, Commercial Accounts","Columbia, MD",$84K - $124K (Glassdoor est.)
Tetra Tech,3.4,Sports Science Intern (Fall 2024)- College Credit Only,"Nashville, TN",$52K (Employer est.)
Landis Gyr,4.0,Financial Management Team Intern,"Arlington, VA",$100K - $125K (Employer est.)
University of Massachusetts Office of the President,3.9,Product Internship - E-Mobility,"Alpharetta, GA",$55K - $75K (Glassdoor est.)
Kimley-Horn,3.1,Intern – Institutional Research,"Boston, MA",$12.00 - $15.00 Per Hour (Employer est.)
Camellia Collective Company,3.8,D&I Intern,,$61K - $108K (Glassdoor est.)
Dolby,3.8,"Summer 2025 Mars Petcare Supply Chain Transportation Operations Center Internship - Franklin, TN","Franklin, TN",$15.00 Per Hour (Employer est.)
Stand Together,3.2,Multimodal Perception Science Intern (Fall 24),"San Francisco, CA",$31.40 Per Hour (Employer est.)
Advent Prestige Care,3.4,KIP Fall 2024 - Intern - The Cato Institute,"Arlington, VA",$20.00 - $21.00 Per Hour (Employer est.)
PowerMarket,3.7,Mental Health Therapist,"Fort Pierce, FL",$54K - $85K (Glassdoor est.)
RELQ TECHNOLOGIES LLC,3.8,Community Solar Operations Intern,"New York, NY",$16.00 - $46.00 Per Hour (Employer est.)
IDEA Public Schools,3.7,Data Architect,Florida,$4K - $6K (Employer est.)
BlocPower,3.9,Intern - Technology Operations (Immediate Opening),"Weslaco, TX",$15.00 Per Hour (Employer est.)
Weber State University,4.0,Clean Energy Intern,"Ithaca, NY",$17.00 Per Hour (Employer est.)
Mayor's Office of Contract Services,4.2,MARS Intern,"Ogden, UT",$21.00 - $28.00 Per Hour (Employer est.)
Casey Peterson,3.2,Service Desk Operations Intern,United States,$21.00 Per Hour (Employer est.)
Continental,4.4,INTERNS,United States,$35K - $45K (Employer est.)
Alabama State University & ALDOT,3.5,Intern - eCommerce,"Fairlawn, OH",$56K - $83K (Glassdoor est.)
New York City Housing Development Corporation,3.3,Paid Internship (IT),"Montgomery, AL",$56K - $81K (Glassdoor est.)
Westminster University,2.9,Strategic Operations Intern,United States,$50K - $60K (Employer est.)
"Graphic Packaging International, Inc.",3.5,GSLI Internship- Brine Fly Monitoring,"Salt Lake City, UT",$93K - $135K (Glassdoor est.)
Cincy Grind,3.3,Engineering Intern IV,"West Monroe, LA",$78K - $116K (Glassdoor est.)
Charlotte County Board of County Commissioners,3.5,Management Trainee,"Cincinnati, OH",$37K - $58K (Glassdoor est.)
The MITRE Corporation,4.1,INTERNSHIPS-Charlotte County Engineering,"Punta Gorda, FL",$2K (Employer est.)
Community Resource Center,4.1,"Systems, Mechanical, or Aerospace Internships","Bedford, MA",$64K - $112K (Glassdoor est.)
La Encantada Diversity Equity & Inclusion,3.5,Nonprofit Grant Research & Development Internship (August,"Denver, CO",$12.00 Per Hour (Employer est.)
SRG Global,4.7,"Diversity, Equity, and Inclusion (DEI) / Employee Engagement Intern","McAllen, TX",$75K - $92K (Employer est.)
Libbey,2.9,SRG Global Supply Chain Co-Op,"Newbern, TN",$58K - $94K (Glassdoor est.)
Navy Federal Credit Union,3.3,Marketing Internship (Fall 2024),"Toledo, OH",$16.00 Per Hour (Employer est.)
City of Greeley,3.6,Intern - Year Round (Lending Strategy and Operations),"Pensacola, FL",$14.00 - $27.00 Per Hour (Employer est.)
Voith Group,3.3,Source Water Quality Intern II/III,"Greeley, CO",$22.68 - $26.56 Per Hour (Employer est.)
KeyBank,3.0,HRIS Intern,"York, PA",$62K - $110K (Glassdoor est.)
Bank of America,4.1,2025 Summer Marketing Internship Program - Cleveland,"Brooklyn, OH",$85K - $92K (Employer est.)
"Natural Resources Defense Council, Inc.",4.2,Enterprise Credit Summer Analyst Program 2025 - Consumer Credit,"Phoenix, AZ",$21.00 Per Hour (Employer est.)
Whimsy Stick,4.0,Fall E2 Diversity in Clean Energy Intern,"Washington, DC",$70K - $75K (Employer est.)
Levy,3.6,Marketing Expert - Facebook Ads Management,"Manor, TX",$54K - $86K (Glassdoor est.)
Align Social Impact,4.2,E-15 Internship- Indiana University,"Bloomington, IN",$20.00 - $21.00 Per Hour (Employer est.)
Bank of China,3.9,Research & Partnerships Fellow,United States,$45K - $89K (Employer est.)
"Geosyntec Consultants, Inc.",3.9,Internal Audit Department Advanced Analytics for Audit Intern,United States,$17.00 - $24.00 Per Hour (Employer est.)
Columbus Zoo Family of Parks,3.5,Intern / Co-Op Environmental Science/Engineering,"Worthington, OH",$52K - $77K (Glassdoor est.)
Berkley,4.0,Ecology Apprenticeship at The Wilds,"Cumberland, OH",$16.00 Per Hour (Employer est.)
Johnson Controls International,4.3,Communications Coordinator,"Manassas, VA",$23.00 Per Hour (Employer est.)
Greenwich Commodities LLC,4.2,Continuous Improvement Analyst Intern,"Baltimore, MD",$16.00 Per Hour (Employer est.)
Dolby,4.7,Power Trading Analyst,"Denver, CO",$39.22 - $42.86 Per Hour (Employer est.)
Sul Ross State University,3.5,PhD Image Capture Intern,"Sunnyvale, CA",
Tower Semiconductor,4.1,"Dev Team Intern, Title III Internship Program","Alpine, TX",
Avfuel Corporation,3.6,Yield Engineer Intern,"Newport Beach, CA",
inStorify,2.8,Tax Internship,"Ann Arbor, MI",
BCC Engineering,4.3,[Fall internship Program - VC Backed Startup] Marketing & Business Development,"New York, NY",
University of Utah Health,3.7,CEI Intern,"Cumming, GA",
Association of Public Health Laboratories,4.0,Energy Accelerator Student Intern,"Salt Lake City, UT",
Los Alamos National Laboratory,3.8,"Intern, Infectious Diseases","Bethesda, MD",
OFI,4.7,Graduate Student ST 1,"Los Alamos, NM",
InterWorks,4.0,Engineering Intern,"Boardman, OR",
Atlantis IT group,3.2,Employee Experience Intern,"Stillwater, OK",
General Mills,3.7,RBI/Inspection SME,Oklahoma,
Thrivent,4.1,Internship - Research & Development Food Scientist,"Golden Valley, MN",
PRICE WATERHOUSE COOPERS,2.6,Actuarial Intern - Summer 2025,"Minneapolis, MN",
Loon,4.2,Tax Financial Markets & Real Estate (FMRE) Intern - Winter 2025,"Miami, FL",
John A. Knutson & Co.,3.2,"PhD Residency - ML / SWE, Early Moonshots","Mountain View, CA",
City of Deerfield Beach,3.9,2025 Winter 1040 Internship,"Falcon Heights, Ramsey, MN",
Marriott Vacations Worldwide,3.6,Intern-Community Services,"Deerfield Beach, FL",
NBCUniversal,3.2,"New Owner Administration Internship (Power BI) - Orlando, FL","Lakeland, FL",
Anders CPAs + Advisors,3.5,NBC Boston Digital News Intern - Fall 2024,"Needham, MA",
City of Virginia Beach,5.0,State and Local Tax Intern - Fall 2024,"Saint Louis, MO",
Frankel,3.6,City of Virginia Beach SkillBridge,"Virginia Beach, VA",
Port City Executives,3.1,Client Services Internship - 2024,"Omaha, NE",
Cummins Inc.,2.9,Account Representative Entry Level,"Grand Rapids, MI",
Corcentric,4.3,School to Work - ePowertrain Controls,"Troy, MI",
BCT LLC,4.0,"Intern, Business Process Analyst, Managed Services","Cherry Hill, NJ",
Volvo Group,3.9,Data Management Specialist (DMS) 2 (SRN),"Fort Meade, MD",
State of Nebraska,4.1,Co-Op: Manufacturing Engineering (Spring 2025),"Hagerstown, MD",
Emkat inc,4.1,SOS Audit Intern,"Lincoln, NE",
The Ohio State University,3.4,Administrator,"North Chelmsford, MA",
Orange County Transportation Authority,3.8,Network Operations Center (NOC) Student Intern,,
The Laney Consulting Agency,3.6,College Intern - Transit Technical Services,"Santa Ana, CA",
EQUITAS Life Sciences,1.0,Digital Marketing Internship,"Culver City, CA",
Perfetti Van Melle,3.3,Life Sciences Consulting Internship,"Essex Junction, VT",
Whimsy Stick,4.1,Packaging Engineer Intern/Co-op,"Erlanger, KY",
AbbVie,3.7,Landing Page Designer/Developer,"Manor, TX",
US Federal Highway Administration,3.1,2025 Finance Externship,"North Chicago, IL",
Western Digital,3.7,PATHWAYS STUDENT INTERN (Transportation Specialist),"Honolulu, HI",
Iron Mountain,4.4,Media Tribology Ph.D. Internship,"San Jose, CA",
University of Massachusetts Medical School,3.7,Data Center Internship Role,"Phoenix, AZ",
Yusen Logistics,5.0,"Applied Public Policy Scholarly Project Graduate Intern (hybrid - Quincy, MA)","Shrewsbury, MA",
Chartwells Higher Education,4.3,Financial Analyst Intern,"Secaucus, NJ",
NBCUniversal,4.4,"Digital Marketing Intern, Chartwells Higher Ed + Boost / Worcester State University","Worcester, MA",
Cipla,4.0,Universal Destinations & Experiences Fall 2024 Internship - Business Analytics & Industrial Engineering - Halloween Horror Nights,"Universal City, CA",
Panicle INC,4.0,Pilot Plant Documentation Intern,"Fall River, MA",
CVS Health,3.4,Newark Creative Marketing and Copywriting Intern,"Newark, NJ",
Fenstermaker,3.7,Pharmacy Growth and Innovation Corporate Intern (Graduate) – Summer 2025,"Woonsocket, RI",
NBCUniversal,3.9,Civil Engineer Intern,"Lafayette, LA",
Continental,,NBC4/T44 Digital Internship – Academic Year 2024-25,"Washington, DC",
Precision Castparts Corp.,,Intern - Strategic Pricing & Market Intelligence,"Fort Mill, SC",
State of Maryland,,Co-Op Quality Internship,"Irvine, CA",
Universal Studios Hollywood,,Coastal Risk Communication Intern (Chesapeake and Coastal Watershed - Summer Student Intern),"Annapolis, MD",
Henry Ford Health,,Universal Destinations & Experiences Fall 2024 Internship - Business Analytics & Industrial Engineering - Halloween Horror Nights,"Universal City, CA",
KeyBank,,Social Worker Intern LLMSW,"Jackson, MI",
SUNY Oneonta,,2025 Summer CX+EX (Measurement and Insights Track) Internship - Cleveland,"Brooklyn, OH",
Cummins Inc.,,Assistant Director of Alumni Engagement - SUNY Oneonta,"Oneonta, NY",
University of Utah Health,,"School To Work, Advanced Engineering","Troy, MI",
Circle K,,Financial Peer Mentor Internship,"Salt Lake City, UT",
"Steel Dynamics, Inc.",,Real Estate Strategy Intern,"Charlotte, NC",
State of Iowa,,Electrical Tech Internship,"Sinton, TX",
Formlabs,,Tax Compliance Internship,Iowa,
ACCESS,,SLA R&D Intern (Fall 2024),"Somerville, MA",
The Bank of New York Mellon Corporation,,Development Assistant (Paid Internship),"Dearborn, MI",
Aramark,,"2025 BNY Summer Internship Program - Finance Controller (Pittsburgh, PA)","Pittsburgh, PA",
Day & Zimmermann,,Environmental Conservation Graduate Intern - Yosemite National Park,United States,
U.S. Department of Defense (DOD),,Civil Intern,"Huntsville, AL",
General Mills,,Data Research Engineer Fellow - Master's level,"Albuquerque, NM",
Day & Zimmermann,,Internship - Research & Development Engineer,"Golden Valley, MN",
RELQ TECHNOLOGIES LLC,,Structural Intern,"Huntsville, AL",
Wayfair,,Oracle Cloud HCM,United States,
TimkenSteel.,,"Salesforce Analyst, Revenue Strategy and Operations","Boston, MA",
Mount Hermon Association Incorporated,,Primary Met QA Intern,"Canton, OH",
Sam's Club,,Food Service Intern,"Mount Hermon, CA",
Brownstone Property Group,,Pre Grad Intern - Sam's,"Honolulu, HI",
Rapsodo,,Property Management & Brokerage Internship (Part Time),"Brooklyn, NY",
General Mills,,"Sales Development Intern, Diamond Sports","Saint Louis, MO",
GE HEALTHCARE,,Internship - Research & Development Packaging Engineer,"Golden Valley, MN",
Westlake Careers,,MILITARY DoD SKILLBRIDGE Field Engineer,California,
Cook Group,,Reliability Intern,"Wichita Falls, TX",
Zurich Insurance Company Ltd.,,"COOK Inc. Spring 2025 Manufacturing Engineering Co-op, Spencer, Indiana","Spencer, IN",
Municipality of Anchorage,,Actuarial Internship - Summer 2025,"Schaumburg, IL",
IA Interior Architects,,PUBLIC SERVICE INTERN II - Range 10 / NON,Alaska,
City of Philadelphia,,Marketing Research Analyst,"Washington, DC",
Duininck Concrete,,PWD Water Facility Asset Management Intern- 169,"Philadelphia, PA",
Moog Inc.,,Concrete Industry Management Intern – Business Leadership,"Willmar, MN",
Alliance Coal and Affiliates Internship Program,,Fall 2024 Manufacturing/Operations/Quality Internship,"Elma, NY",
Coding Minds Academy,,Alliance Coal and Affiliates Internship,"Lexington, KY",
Conservation Corps New Mexico,,Python/Java Coding Instructor (Either or. Both not mandatory),"West Lafayette, IN",
RELQ TECHNOLOGIES LLC,,Botany Support Specialist Intern- Conservation Corp New Mexico,"Carlsbad, NM",
Day & Zimmermann,,Oracle Cloud Reporting,United States,
Ryzlink DBA Chuwa America,,Electrical Intern,"Huntsville, AL",
"The Cadmus Group, Inc.",,Visualization Engineer/Journalist,"Santa Clara, CA",
"MGA Entertainment, Inc.",,"Research Analyst, Economic Engagement & Private Sector Development","Arlington, VA",
Timmons Group,,"Brand Manager, Miniverse","Los Angeles, CA",
Intrinsic Development,,Electric GIS Analyst II,"Richmond, VA",
Ehob Inc,,Real Estate Finance Intern,"Columbia, MO",
Refresh Pillar Wellness LLC,,New Product Engineering Manager,"Indianapolis, IN",
Ramboll,,"In-Community Clinician (LSW, LAC, LCSW, LPC, LMFT)",New Jersey,
State of Utah,,"Specialist, Ecology/Biodiversity","Seattle, WA",
RELQ TECHNOLOGIES LLC,,"Surveyor Internship, National Core Indicator (NCI)","Salt Lake City, UT",
University of Massachusetts Boston,,Oracle Cloud Human Capital Management,United States,
Precision Castparts Corp.,,Graduate Assistanship (Healey Library),"Boston, MA",
BCT LLC,,Operations Intern,"South Gate, CA",
Volvo Group,,Program Integrator (PI) 1 (SRN),"Annapolis Junction, MD",
"Sellery, Inc",,Co-op: Industrial Project Engineer (Spring 2025),"Hagerstown, MD",
Philadelphia Corporation for Aging,,TikTok Operation Executive,"Bellevue, WA",
GE HEALTHCARE,,Project Coordinator -Community Nutrition Program Internship,"Philadelphia, PA",
Bank of China,,MILITARY DoD SKILLBRIDGE Biomedical Equipment,California,
ENGIE North America Inc.,,Financial Institutions Department Compliance Intern,United States,
Metropolitan Transportation Authority,,"Intern, Mechanical Distribution","Iowa City, IA",
Exotic Ridge Crypto Company,,Tech & Eng Fellow Undergrad,"New York, NY",
REV Group,,IT Technician,"Annville, KY",
KORNFERRY,,Internship - Materials/Supply Chain,"Snyder, NE",
Environment for the Americas,,International Tax Manager,Remote,
Johnson Controls International,,Natural Resource Wildlife Intern,United States,
Arizona Healthcare,,Centrifugal Chiller Engineering Intern,"New Freedom, PA",
Wayfair,,Data Analytic Investigator,"Phoenix, AZ",
Alpine Optoelectronics,,"Manager, Revenue Operations Sales Tooling","Boston, MA",
"Student Conservation Association, Inc",,Silicon Photonics Engineering Internship,"Fremont, CA",
AltaML,,Internship - GIS Intern,"Junction City, OR",
University of San Francisco,,Associate Business Solutions Consultant (Cohort 9),"Waterloo, CA",
U.S. Department of Defense (DOD),,SCP Adjunct Faculty (Spring Semester),"San Francisco, CA",
Chartwells Higher Education,,Human Physiology/Psychology Research - Post-Bachelor's,"Dayton, OH",
Protiviti,,"Information Technology Intern, Chartwells Higher Ed / University of Houston","Houston, TX",
Cook Group,,New York City Internal Audit and Financial Advisory Consultant - 2025,"New York, NY",
CHC Fashion Group,,"COOK Inc. Spring 2025 Quality Engineering Co-op, Spencer, Indiana","Spencer, IN",
Sam's Club,,TikTok Live Operations Internship,"New York, NY",
U.S. Department of Defense (DOD),,Pharmacy Pre Grad Intern - Sam's,"Beckley, WV",
Triad Family & Children's Services,,"Public Health Command, East: Entomological Studies Internship","Fort George G Meade, MD",
MSA Safety,,Mental Health Counselor,"Greensboro, NC",
Arizona Healthcare,,"Co-Op: Industrial Engineering, Cranberry Facility (Summer 2025)","Cranberry Twp, PA",
New York Life Insurance Co,,Financial Reporting Manager,"Phoenix, AZ",
"HEALTH RESOURCES IN ACTION, INC.",,2025 Group Benefit Solutions (GBS) Underwriting Summer Internship Program - Farmington,"Farmington, CT",
BCT LLC,,"LEAH Knox Project Manager, The LEAH Project","Boston, MA",
Environment for the Americas,,Program Integrator (PI) 3 (SRN) - Columbia,"Annapolis Junction, MD",
Committed to Capital,,Natural Resource Management Intern - San Mateo,"Golden Gate, Collier, FL",
US Federal Highway Administration,,Sales and Account Manager,"Pitman, NJ",
"Behavioral Progression, Inc.",,PATHWAYS STUDENT INTERN (Civil Engineer),"McLean, VA",
Fix Organization,,Behavior Technician,"Lakeland, FL",
Montana State University,,Immigration Staff Attorney This Is Not A Paid Position-Volunteers,"South San Francisco, CA",
California Institute of Technology,,"Director of Career, Internship and Student Employment Services","Bozeman, MT",
Chartwells Higher Education,,Cytometry Technician,"Pasadena, CA",
KeyBank,,"Marketing Intern, Chartwells Higher Ed + Boost / St. John Fisher University","Rochester, NY",
Bomie LLC,,"2025 Summer Key's Technology, Operations & Services (Operations Track) Internship - Cleveland","Brooklyn, OH",
"Alliance For Change, LLC",,Livestream Assistant- Mandarin Speaking,United States,
,,Licensed Professional Counselor (LPC). LPCA,"Louisville, KY",
